Team,Rating,PPG,OPPG,TO/Game,3 Pt. %,FT %,Steals/Game,OREB/Game,O Kill Shot?,D Kill Shot?,D Kill Shot (BAD),SOS,Pace of Play,NET Ranking,Normalized Pace,Normalized NET,New Rating,,"Top ""Kill-Shots"" (Account for its interaction with opponent)",,Kill Shots Allowed (Least),,Kill Shots Allowed (Most),,,,,,,
Alabama,37.83,91.5,79.2,12,0.381,0.791,7.5,11.4,1,0,1,3,74.1,7,0.916,0.017,31.16,,Houston,1,Utah State,1,Weber State,1,,,,,,
Arizona,27.45,89.9,72.9,11.6,0.369,0.727,8.5,12.5,1,0,0,41,73.8,4,0.895,0.008,27.45,,Gonzaga,1,Michigan State,1,Villanova,1,,,,Houston,1,26-3
Kentucky,26.71,88.8,78.3,10,0.407,0.766,8.1,8.3,0,0,0,60,73.8,20,0.895,0.053,26.71,,UConn,1,SMU,1,Miami,1,,,,Purdue,2,27-3
Samford,25.25,86.7,74.4,12.9,0.398,0.725,10.4,9.7,0,0,0,253,73.8,80,0.895,0.219,25.25,,JMU,1,Pittsburgh,1,Missouri,1,,,,UConn,3,26-3
Gonzaga,26.27,86.1,69.1,9.8,0.348,0.716,7,10.3,1,1,0,92,70.1,17,0.636,0.044,30.27,,Youngstown,1,San Diego State,1,Michigan,1,,,,Arizona,4,23-6
Wright State,20.18,85.9,80.4,11.5,0.38,0.762,6.2,7.7,0,0,0,266,72.2,145,0.783,0.400,20.18,,Arizona,1,Boise State,1,Notre Dame,1,,,,Tennessee,5,23-6
High Point,22.47,85,74.4,10.5,0.35,0.78,5.2,11.3,0,0,0,351,69.2,107,0.573,0.294,22.47,,Marquette,1,Indiana State,1,LSU,1,,,,Auburn,6,23-7
Purdue,29.67,84.8,70,11.1,0.402,0.722,5.8,11.6,0,1,0,8,69.3,2,0.580,0.003,33.67,,Auburn,1,San Francisco,1,Georgia Tech,1,,,,Alabama,7,20-10
Florida,21.14,84.7,77,11.5,0.336,0.692,6.6,14.1,0,1,0,40,72.4,26,0.797,0.069,25.14,,UCSD,1,Memphis,1,Liberty,1,,,,Iowa St.,8,23-6
James Madison,26.56,84.6,69.1,10.5,0.357,0.711,9.2,10,0,0,0,312,71.5,53,0.734,0.144,26.56,,Iowa St.,1,Tennessee,1,Xavier,1,,,,Duke,9,24-6
Illinois,22.35,84.5,72.9,10.5,0.349,0.741,4.5,11.5,0,0,0,55,70.5,15,0.664,0.039,26.35,,Saint Marys,1,Duke,1,Rutgers,1,,,,North Carolina,10,24-6
Indiana State,23.16,84.4,71.9,11.7,0.381,0.791,6.3,6.2,0,1,0,141,71.3,30,0.720,0.081,27.16,,Creighton,1,Wisconsin,1,Texas Tech,1,,,,Creighton,11,22-8
Denver,19.84,83.9,81.8,10,0.36,0.745,6.4,8.8,0,0,0,276,70.8,269,0.685,0.744,19.84,,TCU,1,Oklahoma,1,Indiana,1,,,,BYU,12,21-8
Iowa,24.30,83.7,78.8,9.6,0.34,0.785,7.2,8.5,0,0,0,16,72.6,57,0.811,0.156,24.30,,North Carolina,1,Washington State,1,Northwestern,1,,,,Baylor,13,22-8
Florida Atlantic,23.33,83,72.9,10.7,0.36,0.716,7.4,10.6,0,0,0,98,69.3,37,0.580,0.100,27.33,,Alabama,1,Purdue,1,Cincinatti,1,,,,Marquette,14,22-7
Tulane,20.13,82.9,80,10.7,0.357,0.738,8.1,5.4,0,0,0,121,73.5,141,0.874,0.389,20.13,,SJU,1,Houston,1,Providence,1,,,,Illinois,15,22-8
Kennesaw St.,17.28,82.8,80,12,0.325,0.678,7.5,10.6,0,0,0,346,74.7,263,0.958,0.728,17.28,,Utah,1,Auburn,1,Kansas State,1,,,,Kansas,16,22-8
Auburn,25.97,82.8,68.2,10.3,0.343,0.755,7.5,10.5,1,1,0,56,70.9,6,0.692,0.014,29.97,,Texas,1,Gonzaga,1,USC,1,,,,Gonzaga,17,24-6
New Mexico,25.37,82.8,71.1,10,0.342,0.7,9.2,10.6,0,1,0,88,73.2,29,0.853,0.078,25.37,,Chattanooga,1,Mississippi State,1,TCU,1,,,,Saint Mary's,18,24-7
BYU,24.74,82.6,69.2,10.3,0.352,0.737,6.3,10.6,1,0,0,44,69.9,12,0.622,0.031,28.74,,McNeese State,1,Baylor,1,Alabama,1,,,,San Diego State,19,22-8
Cornell,21.10,82.4,73.9,12.4,0.349,0.719,8.6,8.6,0,0,0,165,71.5,93,0.734,0.256,21.10,,BYU,1,New Mexico,1,,,,,,Kentucky,20,21-8
Lipscomb,21.65,82.3,76.8,9.6,0.379,0.764,6,6.4,0,0,0,286,70.5,162,0.664,0.447,21.65,,Drake,1,Texas A&M,1,,,,,,Dayton,21,23-6
Eastern Kentucky,20.01,81.8,76.7,10.8,0.364,0.681,6.4,11.7,0,0,0,229,70.2,217,0.643,0.600,20.01,,Colgate,1,Creighton,1,,,,,,Michigan State,22,17-12
Baylor,33.35,81.6,70.8,11.4,0.397,0.733,6.9,10,0,1,0,4,67,13,0.420,0.033,32.35,,Fort Wayne,1,UConn,1,,,,,,Wisconsin,23,18-11
Youngstown State,22.79,81.6,70.5,10.5,0.329,0.772,6.3,11.1,0,0,0,291,70.2,126,0.643,0.347,22.79,,Miami,1,North Carolina,1,,,,,,Clemson,24,21-9
North Carolina,24.52,81.5,70.4,10.1,0.354,0.749,5.9,10.6,1,1,0,27,71.4,10,0.727,0.025,28.52,,GCU,1,Clemson,1,,,,,,Villanova,25,17-12
Purdue Fort Wayne,24.35,81.5,71.7,9.9,0.361,0.701,9.4,7.3,1,0,0,#N/A,71.8,152,0.755,0.419,#N/A,,South Dakota State,1,Florida,1,,,,,,Florida,26,21-9
UConn,27.51,81.4,64.1,9.4,0.36,0.743,6.4,10.2,1,1,0,45,66,3,0.350,0.006,27.51,,,,,,,,,,,Boise State,27,21-9
UMass Lowell,20.08,81.3,70,12.7,0.319,0.739,6.9,9.8,0,0,0,322,71.5,139,0.734,0.383,20.08,,,,,,,,,,,Texas,28,19-11
UT Martin,19.37,81.2,76.1,11.6,0.358,0.757,6.2,8.7,0,0,0,296,73.1,201,0.846,0.556,19.37,,,,,,,,,,,New Mexico,29,21-8
UNCW,24.84,80.9,71.4,8,0.353,0.761,6.2,9.5,0,0,0,223,65.8,114,0.336,0.314,24.84,,,,,,,,,,,Indiana State,30,26-5
Drake,23.87,80.9,70.9,9.1,0.364,0.746,6.5,7,1,0,0,151,68.7,48,0.538,0.131,23.87,,,,,,,,,,,Colorado,31,20-9
Creighton,23.61,80.9,69.3,10,0.364,0.774,3.9,7.5,1,1,0,22,67.9,11,0.483,0.028,27.61,,,,,,,,,,,Nevada,32,25-6
Colorado,21.35,80.8,72.6,12.8,0.395,0.789,6.2,8.7,0,0,0,83,69.8,31,0.615,0.083,25.35,,,,,,,,,,,Mississippi State,33,19-10
Washington,17.53,80.8,77.2,11.6,0.337,0.716,5.9,8,0,0,0,77,72.3,71,0.790,0.194,17.53,,,,,,,,,,,Saint John's,34,18-12
Tennessee,29.32,80.7,67.2,10.3,0.349,0.747,8,10.7,0,1,0,10,70.5,5,0.664,0.011,33.32,,,,,,,,,,,Texas Tech,35,21-9
Duke,25.56,80.5,67.4,9.7,0.386,0.726,6.5,9.1,0,1,0,75,67.9,9,0.483,0.022,29.56,,,,,,,,,,,Colorado State,36,21-9
Queens,,80.4,#N/A,11.3,0.34,0.706,7.1,9.4,0,0,0,201,73.4,267,0.867,0.739,#N/A,,,,,,,,,,,Florida Atlantic,37,22-7
UNC Asheville,19.64,80.3,73.7,11.8,0.374,0.743,5.8,8.1,0,0,0,235,69.7,150,0.608,0.414,19.64,,,,,,,,,,,Utah State,38,24-5
Northern Colorado,18.35,80.3,77.8,10.8,0.352,0.724,6.3,7.8,0,0,0,318,69.9,179,0.622,0.494,18.35,,,,,,,,,,,Washington State,39,23-7
TCU,24.04,80.3,70.5,12.4,0.353,0.727,9.1,10.7,1,0,1,25,70.8,40,0.685,0.108,24.04,,,,,,,,,,,TCU,40,19-10
Charleston,21.04,80.3,73.2,9.8,0.338,0.714,5.8,11.8,0,0,0,275,70,103,0.629,0.283,21.04,,,,,,,,,,,Wake Forest,41,18-12
Western Kentucky,17.15,80.2,74.4,13.6,0.337,0.713,7.1,9.1,0,0,0,326,75.3,148,1.000,0.408,17.15,,,,,,,,,,,Oklahoma,42,20-10
Grand Canyon,23.18,80.1,67.5,12.1,0.345,0.744,8.1,10.5,1,0,0,262,69.2,56,0.573,0.153,23.18,,,,,,,,,,,Nebraska,43,21-9
Troy,23.06,80,70.2,13,0.349,0.738,10.2,11.5,0,0,0,278,70.8,136,0.685,0.375,23.06,,,,,,,,,,,Pittsburgh,44,20-10
Memphis,19.78,80,75,13,0.348,0.721,8.8,10.5,0,1,0,103,72.2,72,0.783,0.197,19.78,,,,,,,,,,,Cincinnati,45,17-13
McNeese State,30.78,79.8,61,9.1,0.382,0.688,10.6,9.9,1,0,0,321,66.9,58,0.413,0.158,30.78,,,,,,,,,,,Utah,46,18-11
Arkansas State,17.78,79.8,77.5,11.1,0.354,0.705,5.4,11.1,0,0,0,181,70.6,157,0.671,0.433,17.78,,,,,,,,,,,South Carolina,47,24-5
Toledo,21.19,79.8,77,10.2,0.375,0.751,7.3,8.6,0,0,0,205,70.6,133,0.671,0.367,21.19,,,,,,,,,,,Drake,48,25-6
Furman,18.34,79.7,75.5,11.8,0.326,0.727,7.1,9.5,0,0,0,209,69.6,147,0.601,0.406,18.34,,,,,,,,,,,Virginia,49,21-9
Eastern Washington,18.14,79.6,73.8,13.1,0.372,0.758,5.9,7.1,0,0,0,160,70.5,132,0.664,0.364,18.14,,,,,,,,,,,SMU,50,19-10
Utah State,20.89,79.5,69.4,11.2,0.327,0.72,6.7,8.1,0,1,0,87,69.3,38,0.580,0.103,20.89,,,,,,,,,,,Princeton,51,23-3
Marquette,28.19,79.5,68.6,10.1,0.355,0.72,9,8.2,1,0,0,11,69.9,14,0.622,0.036,32.19,,,,,,,,,,,Northwestern,52,20-9
Arkansas Pine Bluff,14.79,79.5,81.2,13.3,0.369,0.758,5.9,7,0,0,0,192,72.6,328,0.811,0.908,14.79,,,,,,,,,,,James Madison,53,28-3
Wake Forest,23.22,79.1,69.7,10.4,0.374,0.802,5.7,7.3,0,0,0,68,69.1,41,0.566,0.111,23.22,,,,,,,,,,,Virginia Tech,54,17-13
San Francisco,25.31,79,66,11,0.356,0.764,8.6,8.9,0,1,0,129,68.3,63,0.510,0.172,25.31,,,,,,,,,,,Texas A&M,55,16-13
Lamar,19.07,79,74.1,12.4,0.354,0.728,7,11.2,0,0,0,315,70.5,,0.664,-0.003,19.07,,,,,,,,,,,Grand Canyon,56,26-4
Umass,21.37,78.9,71,10.8,0.316,0.701,8.1,11.5,0,0,0,167,69.8,85,0.615,0.233,21.37,,,,,,,,,,,Iowa,57,18-12
Albany,16.61,78.8,78.9,12.9,0.33,0.719,8.4,10,0,0,0,271,74.7,,0.958,-0.003,16.61,,,,,,,,,,,McNeese State,58,27-3
Chattanooga,20.65,78.6,71.3,11.2,0.359,0.746,6.5,8,1,0,0,234,68.3,142,0.510,0.392,20.65,,,,,,,,,,,Ohio State,59,18-12
Appalachian State,22.01,78.6,66.4,10.3,0.334,0.667,6.5,10.3,0,0,0,282,68.8,69,0.545,0.189,22.01,,,,,,,,,,,Bradley,60,21-10
UMBC,12.87,78.6,80.6,13.3,0.364,0.684,5,8.3,0,0,0,311,74.6,285,0.951,0.789,12.87,,,,,,,,,,,Xavier,61,15-14
Milwaukee,15.39,78.5,78.8,12.5,0.328,0.72,6,12.1,0,0,0,272,70,232,0.629,0.642,15.39,,,,,,,,,,,Providence,62,19-11
Winthrop,18.45,78.5,71.8,12.2,0.341,0.703,6.4,9.4,0,0,0,202,68.3,172,0.510,0.475,18.45,,,,,,,,,,,San Francisco,63,22-9
Quinnipiac,20.37,78.4,73.5,12.2,0.352,0.781,7.8,9.9,0,0,0,344,72,170,0.769,0.469,20.37,,,,,,,,,,,Oregon,64,19-10
LBSU,17.29,78.4,75.4,12.9,0.311,0.705,8.5,10.5,0,0,0,220,72.3,168,0.790,0.464,17.29,,,,,,,,,,,UCF,65,15-13
Clemson,21.76,78.4,70.8,10,0.363,0.781,4.4,8.3,0,1,0,43,67.8,24,0.476,0.064,25.76,,,,,,,,,,,Butler,66,17-13
Bryant,17.10,78.3,75.6,11.4,0.335,0.675,7,7.1,0,0,0,178,75.3,166,1.000,0.458,17.10,,,,,,,,,,,Seton Hall,67,18-11
Ohio,22.20,78,71.6,9.3,0.361,0.728,6.7,8.6,0,0,0,348,67.7,149,0.469,0.411,22.20,,,,,,,,,,,St. Bonaventure,68,18-10
UTSA,15.10,78,81.7,10.8,0.336,0.709,5.2,11.3,0,0,0,166,71.2,259,0.713,0.717,15.10,,,,,,,,,,,Appalachian State,69,26-5
Belmont,18.58,77.9,76.6,11.7,0.373,0.732,7.4,6.6,0,0,0,113,71.5,117,0.734,0.322,18.58,,,,,,,,,,,Richmond,70,22-7
George Washington,16.07,77.9,78.5,12.2,0.351,0.747,6.1,8.1,0,0,0,146,71,207,0.699,0.572,16.07,,,,,,,,,,,Washington,71,16-14
FDU,16.90,77.8,78.2,12.4,0.338,0.701,8.5,10,0,0,0,#N/A,73.2,321,0.853,0.889,#N/A,,,,,,,,,,,Memphis,72,22-8
Utah,18.19,77.6,73.2,11.5,0.35,0.646,6,9.3,1,0,0,37,71,46,0.699,0.125,18.19,,,,,,,,,,,Maryland,73,15-15
Little Rock,17.66,77.5,73.8,11.7,0.335,0.741,5.8,9.8,0,0,0,362,70,188,0.629,0.519,17.66,,,,,,,,,,,UC Irvine,74,22-8
Columbia,21.99,77.4,70.4,11.5,0.38,0.744,7.9,8.1,0,0,0,213,69.1,213,0.566,0.589,21.99,,,,,,,,,,,South Florida,75,23-5
South Dakota State,18.68,77.4,72.2,11.4,0.356,0.702,6.4,7.7,1,0,0,308,68.6,154,0.531,0.425,18.68,,,,,,,,,,,Minnesota,76,18-11
Butler,25.33,77.3,74.3,10.6,0.357,0.787,6.2,7.7,0,0,0,7,68.8,66,0.545,0.181,23.62,,,,,,,,,,,UNLV,77,19-10
North FloridA,18.20,77.3,75.6,10.9,0.355,0.765,5.7,8,0,0,0,288,68.7,249,0.538,0.689,18.20,,,,,,,,,,,Kansas State,78,17-13
UC San Diego,#N/A,77.2,#N/A,8.9,0.352,0.76,6.4,7.9,1,0,0,252,66.5,111,0.385,0.306,#N/A,,,,,,,,,,,Ole Miss,79,20-10
Iowa St.,27.96,77.1,62.3,10.5,0.354,0.693,10.5,9.9,1,0,0,35,69,8,0.559,0.019,31.96,,,,,,,,,,,Samford,80,26-5
SMU,23.26,77.1,66.7,11.1,0.343,0.681,8.6,12.4,0,1,0,119,68.2,50,0.503,0.136,23.26,,,,,,,,,,,VCU,81,19-11
Nebraska,21.55,77.1,69.8,11,0.361,0.76,6.4,8.6,0,0,0,71,68.7,43,0.538,0.117,21.55,,,,,,,,,,,Yale,82,20-8
Montana,20.54,77,72,9.4,0.35,0.794,4.8,7.6,0,0,0,230,66.1,140,0.357,0.386,20.54,,,,,,,,,,,NC State,83,17-13
Stetson,20.68,77,71.6,10.2,0.366,0.768,5.4,8.6,0,0,0,225,66.7,208,0.399,0.575,20.68,,,,,,,,,,,Syracuse,84,20-11
Fairfield,22.67,76.9,71.4,10.9,0.383,0.76,8.3,8.6,0,0,0,341,69.4,163,0.587,0.450,22.67,,,,,,,,,,,Umass,85,19-10
Saint Johns,22.96,76.9,70.8,11,0.328,0.717,7,13.3,0,0,0,15,69.8,34,0.615,0.092,26.96,,,,,,,,,,,Louisiana Tech,86,21-8
Stanford,16.08,76.8,76.9,12.5,0.381,0.752,5.1,6.5,0,0,0,76,71,119,0.699,0.328,16.08,,,,,,,,,,,North Texas,87,16-12
UC Irvine,21.84,76.8,67.4,11.2,0.352,0.761,6.6,9,0,0,0,174,69.8,74,0.615,0.203,21.84,,,,,,,,,,,LSU,88,16-13
Miami (FL),20.16,76.8,73.3,11.9,0.371,0.754,7.2,8.2,1,0,1,49,70.3,89,0.650,0.244,20.16,,,,,,,,,,,Miami (FL),89,15-14
Colorado State,22.97,76.8,68.1,10,0.349,0.766,6.8,6.3,0,0,0,48,66.9,36,0.413,0.097,26.97,,,,,,,,,,,Rutgers,90,15-14
Santa Clara,17.23,76.7,72.1,12.5,0.358,0.709,4.9,10.9,0,0,0,96,69.1,105,0.566,0.289,17.23,,,,,,,,,,,Loyola-Chicago,91,21-8
Western Carolina,20.69,76.7,68.5,9.7,0.36,0.713,4.5,9.3,0,0,0,260,68.1,106,0.497,0.292,20.69,,,,,,,,,,,Duquesne,92,19-11
Minnesota,19.30,76.7,71,11.3,0.366,0.688,6,8.6,0,0,0,80,68.1,76,0.497,0.208,19.30,,,,,,,,,,,Cornell,93,21-6
Kansas,60.58,76.6,67.9,11.4,0.342,0.72,7.5,7.2,0,0,0,1,69.6,16,0.601,0.042,30.58,,,,,,,,,,,Penn State,94,14-16
Syracuse,20.59,76.6,74.9,10.8,0.333,0.726,9.3,7.6,0,0,0,46,71.9,84,0.762,0.231,20.59,,,,,,,,,,,Florida State,95,15-15
Nevada,23.11,76.5,66.6,9.4,0.356,0.714,6.3,8.4,0,0,0,91,67.4,32,0.448,0.086,27.11,,,,,,,,,,,Saint Joseph's,96,18-11
UNCG,22.92,76.5,69.8,10.2,0.402,0.735,6.8,8.7,0,0,0,227,66,,0.350,-0.003,22.92,,,,,,,,,,,USC,97,17-Dec
Saint Josephs,#N/A,76.5,71.3,10.8,0.364,0.729,7,8.9,0,0,0,#N/A,69,96,0.559,0.264,#N/A,,,,,,,,,,,Vermont,98,25-6
North Carolina Central,#N/A,76.5,#N/A,11.5,0.333,0.694,8,9.5,0,0,0,#N/A,67.4,,0.448,-0.003,#N/A,,,,,,,,,,,George Mason,99,18-11
South Dakota,13.25,76.5,78.8,13,0.369,0.743,3.7,9.4,0,0,0,349,69.9,320,0.622,0.886,13.25,,,,,,,,,,,Boston College,100,15-14
LSU,18.90,76.5,74.5,12.8,0.36,0.719,8.1,8.9,0,0,0,38,70.4,88,0.657,0.242,18.90,,,,,,,,,,,Indiana,101,16-13
Florida State,18.56,76.5,75.1,11.9,0.319,0.694,9.3,9.1,0,0,0,61,72.5,95,0.804,0.261,18.56,,,,,,,,,,,Georgia,102,16-14
North Alabama,18.25,76.4,76,10.1,0.354,0.762,5.3,8.7,0,0,0,251,68.8,253,0.545,0.700,18.25,,,,,,,,,,,Charleston,103,24-7
Oakland,19.49,76.4,73.2,11,0.35,0.751,6.6,9.5,0,0,0,150,68.4,137,0.517,0.378,19.49,,,,,,,,,,,Akron,104,21-9
Georgia State,19.40,76.3,74.3,9.1,0.318,0.767,5.8,9,0,0,0,190,70.2,209,0.643,0.578,19.40,,,,,,,,,,,Santa Clara,105,19-12
UAB,17.41,76.3,74.9,11.7,0.311,0.752,6.6,11.4,0,0,0,106,68.5,127,0.524,0.350,17.41,,,,,,,,,,,Western Carolina,106,22-9
NC State,22.00,76.2,72.1,9.4,0.341,0.729,7.6,9.7,0,0,0,69,69.1,83,0.566,0.228,22.00,,,,,,,,,,,High Point,107,24-7
Louisiana,20.44,76.2,71.6,11.5,0.345,0.731,8.3,9.8,0,0,0,218,70.1,138,0.636,0.381,20.44,,,,,,,,,,,Davidson,108,15-14
Cleveland State,20.31,76,73.5,9.9,0.337,0.671,8.2,11.6,0,0,0,263,68.6,206,0.531,0.569,20.31,,,,,,,,,,,UNI,109,18-13
Oregon,20.88,76,71.5,10.1,0.355,0.713,7,8.6,0,0,0,78,69.1,64,0.566,0.175,20.88,,,,,,,,,,,Charlotte,110,17-11
Arkansas,15.72,75.9,77.9,11,0.32,0.733,5.8,7.5,0,0,0,51,72.2,120,0.783,0.331,15.72,,,,,,,,,,,UC San Diego,111,20-10
Boise State,21.75,75.9,66.2,10.8,0.349,0.735,5.8,9.7,0,1,0,67,66.4,27,0.378,0.072,25.75,,,,,,,,,,,Hofstra,112,19-12
North Dakota St.,17.81,75.9,74,10.4,0.378,0.718,4.6,7.5,0,0,0,247,65.9,258,0.343,0.714,17.81,,,,,,,,,,,Southern Illinois,113,19-12
Kent State,19.83,75.9,71.7,11.8,0.361,0.76,7.1,9.4,0,0,0,245,68.1,175,0.497,0.483,19.83,,,,,,,,,,,UNCW,114,21-9
Xavier,23.38,75.8,73.2,11.1,0.345,0.734,7,10.2,0,0,1,9,71.2,61,0.713,0.167,23.38,,,,,,,,,,,UCLA,115,14-15
Southern Utah,17.92,75.8,70,11.6,0.297,0.735,6.4,9.2,0,0,0,131,71.3,240,0.720,0.664,17.92,,,,,,,,,,,Morehead State,116,23-8
Penn State,20.41,75.8,74.5,10.4,0.331,0.736,8.7,8.3,0,0,0,57,70.3,94,0.650,0.258,20.41,,,,,,,,,,,Belmont,117,19-12
Georgia,17.78,75.8,74.6,11.3,0.341,0.736,6.4,8,0,0,0,66,70.4,102,0.657,0.281,17.78,,,,,,,,,,,California,118,13-17
Morehead State,21.79,75.7,63,11.6,0.355,0.719,5.7,10.8,0,0,0,254,65.3,116,0.301,0.319,21.79,,,,,,,,,,,Stanford,119,17-Dec
Texas Tech,22.02,75.7,69.4,10.4,0.362,0.775,5.9,8.7,0,0,1,42,67.3,35,0.441,0.094,26.02,,,,,,,,,,,Arkansas,120,14-15
Texas A&M-CC,20.94,75.7,66.6,11.7,0.305,0.697,8.5,12,0,0,0,207,68.4,174,0.517,0.481,20.94,,,,,,,,,,,Oklahoma State,121,18-Dec
Boston College,19.65,75.7,73.5,10.4,0.364,0.752,6.2,7.6,0,0,0,82,68.6,100,0.531,0.275,19.65,,,,,,,,,,,Drexel,122,20-11
CSUN,#N/A,75.6,73.1,14,0.31,0.677,7.8,10.5,0,0,0,#N/A,,226,-4.266,0.625,#N/A,,,,,,,,,,,Seattle,123,18-11
Ole Miss,21.91,75.6,73.3,10.2,0.377,0.743,8,8.6,0,0,0,65,68.7,79,0.538,0.217,21.91,,,,,,,,,,,Georgia Tech,124,14-16
Longwood,19.38,75.6,68.1,12.2,0.334,0.673,7.2,12.9,0,0,0,309,68.5,177,0.524,0.489,19.38,,,,,,,,,,,Arizona State,125,14-15
Texas,22.96,75.5,68.6,11.5,0.363,0.745,6.9,8.8,1,0,0,17,68,28,0.490,0.075,26.96,,,,,,,,,,,Youngstown State,126,22-9
Howard,14.41,75.5,75.5,14.8,0.368,0.742,6.3,9.4,0,0,0,324,69.5,276,0.594,0.764,14.41,,,,,,,,,,,UAB,127,18-11
UTA,15.34,75.5,73.2,15.3,0.347,0.73,7.3,10.9,0,0,0,118,72.2,146,0.783,0.403,15.34,,,,,,,,,,,UNC Greensboro,128,21-10
Mississippi State,20.21,75.4,68.3,12.4,0.327,0.671,8.1,11,0,1,0,33,69.2,33,0.573,0.089,24.21,,,,,,,,,,,Michigan,129,22-Aug
UCSB,15.75,75.4,72.6,12.4,0.357,0.729,4.7,7.4,0,0,0,284,68.5,192,0.524,0.531,15.75,,,,,,,,,,,Notre Dame,130,18-Dec
Princeton,25.82,75.4,63.7,7.5,0.351,0.807,5.5,7,0,0,0,194,64.9,51,0.273,0.139,25.82,,,,,,,,,,,Colgate,131,22-9
SFA,#N/A,75.3,70.6,16.1,0.32,0.72,9,10.6,0,0,0,#N/A,70.7,171,0.678,0.472,#N/A,,,,,,,,,,,Eastern Washington,132,21-10
Yale,21.75,75.3,67.2,9.2,0.34,0.718,5.8,8.9,0,0,0,126,66.2,82,0.364,0.225,21.75,,,,,,,,,,,Toledo,133,19-11
New Hampshire,17.19,75.3,74.5,11.4,0.33,0.73,7.1,7.7,0,0,0,199,73.6,242,0.881,0.669,17.19,,,,,,,,,,,Tarleton State,134,22-7
Presbyterian,17.03,75.2,73.5,11,0.343,0.661,6.8,7.9,0,0,0,325,68.8,279,0.545,0.772,17.03,,,,,,,,,,,Liberty,135,17-13
South Florida,21.52,75.2,68.5,10.5,0.362,0.74,6.8,8.6,0,0,0,184,68.7,75,0.538,0.206,21.52,,,,,,,,,,,Troy,136,20-11
San Diego State,22.71,75.1,66,10.8,0.319,0.738,7.4,9.4,0,1,0,28,67.3,19,0.441,0.050,26.71,,,,,,,,,,,Oakland,137,20-11
North Dakota,18.71,75.1,72,9.9,0.322,0.706,6.2,10.2,0,0,0,336,67.8,239,0.476,0.661,18.71,,,,,,,,,,,Louisiana,138,18-13
Bradley,21.90,75.1,67.3,11.2,0.37,0.722,7.5,8.8,0,0,0,138,66.7,60,0.399,0.164,21.90,,,,,,,,,,,UMass Lowell,139,20-9
Liberty,21.81,75.1,64.8,9.4,0.366,0.665,5.4,7.9,0,0,1,171,65.6,135,0.322,0.372,21.81,,,,,,,,,,,Montana,140,21-10
Oklahoma,20.82,75.1,66.9,11.8,0.337,0.736,6,8.6,0,1,0,24,68.4,42,0.517,0.114,20.82,,,,,,,,,,,Tulane,141,13-16
Wofford,15.31,75,74.2,10.8,0.365,0.617,4.3,9.5,0,0,0,161,66.8,173,0.406,0.478,15.31,,,,,,,,,,,Chattanooga,142,20-11
Washington State,20.64,75,67.2,10.1,0.346,0.706,5.3,9.7,0,1,0,85,66.7,39,0.399,0.106,20.64,,,,,,,,,,,West Virginia,143,20-Sep
Louisiana Tech,22.23,75,63.9,12.1,0.364,0.703,7.7,10.2,0,0,0,179,66.6,86,0.392,0.236,22.23,,,,,,,,,,,Weber State,144,20-11
California,16.97,75,76.2,10.9,0.343,0.731,5.8,9.4,0,0,0,70,69.6,118,0.601,0.325,16.97,,,,,,,,,,,Wright State,145,18-13
Weber State,22.33,74.9,66.8,9.7,0.355,0.748,6.8,6.6,0,0,1,246,66,144,0.350,0.397,22.33,,,,,,,,,,,UTA,146,17-13
Tulsa,16.33,74.9,73.9,12.9,0.322,0.739,8,7.5,0,0,0,212,71.5,197,0.734,0.544,16.33,,,,,,,,,,,Furman,147,16-15
Hofstra,#N/A,74.8,#N/A,9.9,0.371,0.741,6,6.5,0,0,0,175,66.5,112,0.385,0.308,#N/A,,,,,,,,,,,Western Kentucky,148,19-10
Omaha,19.18,74.8,73.1,9.4,0.335,0.746,6.2,7.8,0,0,0,287,67.8,272,0.476,0.753,19.18,,,,,,,,,,,Ohio,149,18-12
Michigan,32.55,74.7,79.1,12.5,0.371,0.704,4.1,9.2,0,0,1,2,68.9,129,0.552,0.356,20.55,,,,,,,,,,,UNC Asheville,150,20-11
Akron,20.92,74.7,65.3,10.6,0.338,0.725,5.9,9.1,0,0,0,197,66.3,104,0.371,0.286,20.92,,,,,,,,,,,Wichita State,151,13-17
Pittsburgh,22.67,74.6,67.1,9,0.347,0.701,6.4,10.6,0,1,0,79,67.1,44,0.427,0.119,22.67,,,,,,,,,,,Purdue Fort Wayne,152,21-11
Bowling Green,16.89,74.6,71.7,10.9,0.295,0.695,6.6,9.8,0,0,0,350,69,235,0.559,0.650,16.89,,,,,,,,,,,St. Thomas (MN),153,19-12
New Orleans,14.25,74.6,80.4,11.6,0.307,0.711,7.8,9.4,0,0,0,232,72.6,343,0.811,0.950,14.25,,,,,,,,,,,South Dakota State,154,19-12
Seattle,#N/A,74.6,#N/A,12.3,0.348,0.718,5.9,8.8,0,0,0,249,,123,-4.266,0.339,#N/A,,,,,,,,,,,Missouri State,155,16-15
Saint Marys,26.04,74.6,58.1,9.4,0.348,0.687,6.7,11.8,1,0,0,108,63.1,18,0.147,0.047,26.04,,,,,,,,,,,Towson,156,18-13
Norfolk St.,20.95,74.5,68.1,11.8,0.336,0.729,8.8,10,0,0,0,290,67.4,233,0.448,0.644,20.95,,,,,,,,,,,Arkansas State,157,16-15
Michigan State,26.20,74.4,66,9.4,0.367,0.7,7.1,8.6,0,1,0,12,67.1,22,0.427,0.058,30.20,,,,,,,,,,,Missouri,158,22-Aug
Cincinnati,19.46,74.4,67.9,11.9,0.325,0.685,6.2,12.4,0,0,1,31,68.5,45,0.524,0.122,19.46,,,,,,,,,,,Murray State,159,19-Dec
Gardner-Webb,15.97,74.3,73.6,10.9,0.338,0.635,5.9,9.8,0,0,0,162,69.7,181,0.608,0.500,15.97,,,,,,,,,,,Oregon State,160,17-Dec
Oral Roberts,17.90,74.3,75.8,9.5,0.364,0.74,5.6,6.6,0,0,0,217,68.8,277,0.545,0.767,17.90,,,,,,,,,,,Sam Houston,161,18-11
Niagara,18.24,74.3,72.8,10.9,0.371,0.77,5.5,6.7,0,0,0,338,68.4,257,0.517,0.711,18.24,,,,,,,,,,,Lipscomb,162,20-12
UNLV,20.29,74.2,68.4,10.1,0.332,0.72,6.3,9,0,0,0,86,65.2,77,0.294,0.211,20.29,,,,,,,,,,,Fairfield,163,18-11
USC,17.15,74.2,73.1,12.2,0.351,0.68,7.1,9.1,0,0,1,59,69.4,97,0.587,0.267,17.15,,,,,,,,,,,Delaware,164,18-13
Northwestern,24.46,74.2,69,8.5,0.39,0.745,7.1,7.6,0,0,1,50,65.1,52,0.287,0.142,24.46,,,,,,,,,,,Wyoming,165,14-16
Wisconsin,28.65,74.2,68.9,9.5,0.339,0.764,5.8,8.8,0,1,0,5,65.4,23,0.308,0.061,27.05,,,,,,,,,,,Bryant,166,19-12
Saint Louis,15.37,74.2,78.9,11.8,0.369,0.745,6.1,7.5,0,0,0,94,69.9,218,0.622,0.603,15.37,,,,,,,,,,,Hawaii,167,17-13
Virginia Tech,20.03,74.1,70.4,10.9,0.352,0.798,5.1,6.5,0,0,0,26,67.8,54,0.476,0.147,20.03,,,,,,,,,,,LBSU,168,18-12
Delaware,18.52,74.1,69.9,10.2,0.339,0.702,5.7,8.2,0,0,0,295,67.3,164,0.441,0.453,18.52,,,,,,,,,,,Utah Valley,169,14-15
Bethune-Cookman,#N/A,74.1,73.6,13.8,0.313,0.751,10.8,9.2,0,0,0,#N/A,71,307,0.699,0.850,#N/A,,,,,,,,,,,Quinnipiac,170,21-8
St. Bonaventure,#N/A,74.1,67.5,10.5,0.372,0.774,6.5,8.6,0,0,0,#N/A,66.1,68,0.357,0.186,#N/A,,,,,,,,,,,SFA,171,15-14
Nicholls St.,#N/A,74.1,#N/A,12.5,0.364,0.723,6.9,7.9,0,0,0,#N/A,,,-4.266,-0.003,#N/A,,,,,,,,,,,Winthrop,172,17-14
Ohio State,20.30,74.1,69.9,9.8,0.333,0.764,5.5,9.6,0,0,0,62,66.5,59,0.385,0.161,20.30,,,,,,,,,,,Wofford,173,17-14
Sacred Heart,19.22,74,72.3,11.5,0.36,0.695,8.9,7.9,0,0,0,353,70.9,283,0.692,0.783,19.22,,,,,,,,,,,Texas A&M-CC,174,20-10
Dayton,23.59,74,64.6,9.1,0.393,0.73,5.4,7.1,0,0,0,89,64.3,21,0.231,0.056,23.59,,,,,,,,,,,Kent State,175,15-15
Houston,32.48,73.9,56.2,8.1,0.342,0.688,10.4,13,1,1,0,20,64.3,1,0.231,0.000,32.48,,,,,,,,,,,Illinois State,176,15-16
South Alabama,17.16,73.9,75.9,10.6,0.348,0.746,6.8,6.6,0,0,0,236,69.5,243,0.594,0.672,17.16,,,,,,,,,,,Longwood,177,18-13
Providence,18.45,73.8,69.1,11.9,0.333,0.705,6.6,8,0,0,1,39,68.7,62,0.538,0.169,18.45,,,,,,,,,,,UC Davis,178,17-12
Loyola-Chicago,18.29,73.8,67.6,12.5,0.357,0.693,6.7,7.5,0,0,0,117,69.9,91,0.622,0.250,18.29,,,,,,,,,,,Northern Colorado,179,19-12
La Salle,18.67,73.8,74,9.4,0.345,0.721,6.4,7.9,0,0,0,142,67.9,195,0.483,0.539,18.67,,,,,,,,,,,Fordham,180,17-Dec
Elon,16.40,73.7,75.7,11.1,0.358,0.714,6.2,8.7,0,0,0,261,67.6,309,0.462,0.856,16.40,,,,,,,,,,,Gardner-Webb,181,16-15
Rider,16.76,73.7,74.3,12.3,0.343,0.752,6.8,10.4,0,0,0,195,69,223,0.559,0.617,16.76,,,,,,,,,,,UIC,182,20-Nov
FIU,16.28,73.7,76.3,13.3,0.331,0.675,10.7,9.1,0,0,0,222,71.7,297,0.748,0.822,16.28,,,,,,,,,,,Northern Kentucky,183,17-14
Coastal Carolina,11.35,73.7,78.5,12.9,0.317,0.654,5.8,10.3,0,0,0,270,71.2,318,0.713,0.881,11.35,,,,,,,,,,,Saint Peter's,184,16-11
Montana State,18.40,73.6,73.2,11.4,0.356,0.735,8.3,5.8,0,0,0,304,69,238,0.559,0.658,18.40,,,,,,,,,,,CBU,185,15-14
Northern Kentucky,17.67,73.6,71.4,12.2,0.313,0.719,8.6,8.8,0,0,0,224,68.6,183,0.531,0.506,17.67,,,,,,,,,,,East Carolina,186,14-15
Marshall,14.47,73.5,76.5,11.9,0.302,0.714,6.9,10.3,0,0,0,185,72.4,251,0.797,0.694,14.47,,,,,,,,,,,LMU,187,18-Dec
Ball St.,18.40,73.5,70.5,11.5,0.372,0.763,5.5,7.9,0,0,0,339,67.2,260,0.434,0.719,18.40,,,,,,,,,,,Little Rock,188,20-11
Penn,17.83,73.5,72.8,10.8,0.366,0.69,6,9.2,0,0,0,105,66.1,200,0.357,0.553,17.83,,,,,,,,,,,Marist,189,16-11
Richmond,24.17,73.4,65.8,7.9,0.369,0.735,7,5.1,0,0,0,127,67.9,70,0.483,0.192,24.17,,,,,,,,,,,Iona,190,14-15
N. Illinois,#N/A,73.4,#N/A,12.3,0.328,0.679,5.4,8.6,0,0,0,155,69.1,,0.566,-0.003,#N/A,,,,,,,,,,,Monmouth,191,17-14
Hampton,13.27,73.3,76.7,12.6,0.323,0.708,6,10,0,0,0,340,70,336,0.629,0.931,13.27,,,,,,,,,,,UCSB,192,15-13
Incarnate Word,#N/A,73.3,#N/A,15.1,0.336,0.736,6.1,9.4,0,0,0,334,71.8,,0.755,-0.003,#N/A,,,,,,,,,,,UTEP,193,15-15
Robert Morris,13.07,73.3,75.5,13.3,0.335,0.719,5,11.3,0,0,0,265,68.6,305,0.531,0.844,13.07,,,,,,,,,,,Stony Brook,194,17-14
Rhode Island,12.73,73.3,77,12.3,0.358,0.646,4.9,8.8,0,0,0,101,69.2,210,0.573,0.581,12.73,,,,,,,,,,,La Salle,195,15-15
Lehigh,16.88,73.2,71.2,11.7,0.318,0.736,7,7.3,0,0,0,279,69.8,274,0.615,0.758,16.88,,,,,,,,,,,Merrimack,196,19-11
Southern,#N/A,73.2,#N/A,13.1,0.324,0.675,9.7,8.9,0,0,0,#N/A,70.1,,0.636,-0.003,#N/A,,,,,,,,,,,Tulsa,197,15-14
Northern Iowa,15.70,73.1,77.9,10,0.346,0.702,6.2,6.8,0,0,0,102,67.4,,0.448,-0.003,15.70,,,,,,,,,,,Jacksonville State,198,14-16
UTEP,18.56,73,69.8,13.8,0.31,0.687,11.8,9.4,0,0,0,255,70.1,193,0.636,0.533,18.56,,,,,,,,,,,ETSU,199,16-15
Pepperdine,16.18,73,75.6,10.4,0.362,0.698,5.1,9,0,0,0,97,68.5,245,0.524,0.678,16.18,,,,,,,,,,,Penn,200,17-Nov
Texas A&M,22.03,73,70.4,9.4,0.267,0.7,7.1,15.6,0,1,0,13,66.6,55,0.392,0.150,22.03,,,,,,,,,,,UT Martin,201,21-10
Seton Hall,20.41,73,69.5,12.1,0.314,0.771,7.5,11.1,0,0,0,21,67.1,67,0.427,0.183,20.41,,,,,,,,,,,Harvard,202,14-13
Austin Peay,21.56,73,71,8.4,0.368,0.677,7.4,9.5,0,0,0,281,64.8,220,0.266,0.608,21.56,,,,,,,,,,,Georgetown,203,21-Sep
Tennessee State,16.60,73,70.7,12.5,0.332,0.753,6.4,8.4,0,0,0,314,69.1,284,0.566,0.786,16.60,,,,,,,,,,,Evansville,204,15-16
Abilene Christian,16.49,72.9,74.2,12.1,0.333,0.73,7.9,8.3,0,0,0,214,71.4,231,0.727,0.639,16.49,,,,,,,,,,,Brown,205,17-Nov
St. Thomas-Minnesota,#N/A,72.9,#N/A,8.7,0.352,0.734,6.3,6.4,0,0,0,#N/A,,,-4.266,-0.003,#N/A,,,,,,,,,,,Cleveland State,206,19-13
Le Moyne,#N/A,72.9,#N/A,10.5,0.342,0.751,8.1,7.4,0,0,0,352,68.7,306,0.538,0.847,#N/A,,,,,,,,,,,George Washington,207,14-15
Indiana,14.76,72.9,75,11.4,0.318,0.653,5,7.8,0,0,1,19,69.4,101,0.587,0.278,14.76,,,,,,,,,,,Stetson,208,20-12
Iona,21.00,72.9,71.4,9.7,0.351,0.657,9.5,9.9,0,0,0,294,69,190,0.559,0.525,21.00,,,,,,,,,,,Georgia State,209,14-16
San Diego,14.25,72.9,77.5,12.9,0.348,0.737,6.9,8.3,0,0,0,128,72.1,255,0.776,0.706,14.25,,,,,,,,,,,Rhode Island,210,18-Nov
Tarleton State,#N/A,72.9,#N/A,10.6,0.331,0.747,9.1,9.6,0,0,0,153,67.8,134,0.476,0.369,#N/A,,,,,,,,,,,Fresno State,211,18-Nov
Radford,18.76,72.8,71.8,10.2,0.373,0.738,5.6,8,0,0,0,186,65.4,236,0.308,0.653,18.76,,,,,,,,,,,Lamar University,212,17-13
Rice,15.02,72.8,75.2,11.3,0.337,0.694,5.6,9.5,0,0,0,104,68.1,237,0.497,0.656,15.02,,,,,,,,,,,Columbia,213,13-13
Vermont,22.42,72.8,62.9,8.5,0.343,0.724,5.4,6.7,0,0,0,269,65.7,98,0.329,0.269,22.42,,,,,,,,,,,Temple,214,18-Nov
Wyoming,14.26,72.8,75.9,12.9,0.368,0.741,5.1,7.7,0,0,0,64,67.5,165,0.455,0.456,14.26,,,,,,,,,,,Louisville,215,22-Aug
Morgan St.,11.07,72.8,78.3,14.3,0.302,0.755,6.3,9.7,0,0,0,200,71.1,339,0.706,0.939,11.07,,,,,,,,,,,Green Bay,216,18-13
Hawaii,16.15,72.7,69,11.5,0.337,0.71,4.8,7.1,0,0,0,268,67.2,167,0.434,0.461,16.15,,,,,,,,,,,Eastern Kentucky,217,17-14
Kansas State,15.56,72.6,69.8,14.2,0.315,0.732,6.2,10,0,0,1,32,68.7,78,0.538,0.214,15.56,,,,,,,,,,,Saint Louis,218,19-Nov
George Mason,18.66,72.6,67.5,11.5,0.351,0.751,5.3,8.8,0,0,0,124,65.2,99,0.294,0.272,18.66,,,,,,,,,,,Maine,219,15-16
Evansville,16.37,72.6,73.8,11.2,0.35,0.719,6.4,6.5,0,0,0,115,69.7,204,0.608,0.564,16.37,,,,,,,,,,,Austin Peay,220,18-14
Southern Illinois,19.47,72.6,67.2,10.7,0.348,0.762,5.6,7,0,0,0,154,65.5,113,0.315,0.311,19.47,,,,,,,,,,,Vanderbilt,221,21-Aug
Monmouth,19.25,72.6,72.5,10,0.356,0.702,7.3,9.8,0,0,0,196,68.5,191,0.524,0.528,19.25,,,,,,,,,,,Mercer,222,15-16
Stony Brook,18.18,72.5,72.7,9.9,0.343,0.734,6.2,8.4,0,0,0,183,67.8,194,0.476,0.536,18.18,,,,,,,,,,,Rider,223,14-16
Georgia Southern,12.99,72.4,79.5,12.9,0.348,0.721,6.9,8.7,0,0,0,188,69.8,290,0.615,0.803,12.99,,,,,,,,,,,CSUF,224,14-16
Mount Saint Marys,15.11,72.4,71.1,14,0.337,0.728,7.1,8.8,0,0,0,333,,,-4.266,-0.003,15.11,,,,,,,,,,,Miami (OH),225,15-15
Texas-RGV,#N/A,72.4,#N/A,14.2,0.293,0.701,8.3,8.4,0,0,0,#N/A,,,-4.266,-0.003,#N/A,,,,,,,,,,,CSUN,226,18-13
Central Connecticut,#N/A,72.3,66.6,11,0.316,0.717,7.8,8.7,0,0,0,#N/A,67.6,234,0.462,0.647,#N/A,,,,,,,,,,,Texas State,227,15-17
VCU,20.36,72.3,66.3,11.6,0.36,0.793,6.1,8.1,0,0,0,109,66.3,81,0.371,0.222,20.36,,,,,,,,,,,Mount St. Mary's,228,13-17
Drexel,19.25,72.2,66,10.4,0.339,0.72,5,10.2,0,0,0,250,65.6,122,0.322,0.336,19.25,,,,,,,,,,,Southern Miss.,229,16-15
Miami (OH),17.93,72.2,70,11.2,0.375,0.712,6,6.9,0,0,0,277,67.3,225,0.441,0.622,17.93,,,,,,,,,,,Kansas City,230,16-15
Wichita State,14.62,72.2,72.9,12.4,0.316,0.694,6.4,9.8,0,0,0,120,69.7,151,0.608,0.417,14.62,,,,,,,,,,,Abilene Christian,231,14-15
Central Florida,20.68,72.1,66.9,11.6,0.319,0.707,8.9,10.7,0,0,0,52,69.4,,0.587,-0.003,20.68,,,,,,,,,,,Milwaukee,232,18-14
SIU-Edwardsville,#N/A,72.1,#N/A,10,0.339,0.718,6.9,9.3,0,0,0,#N/A,,,-4.266,-0.003,#N/A,,,,,,,,,,,Norfolk St.,233,20-10
Missouri State,13.66,72.1,72.8,11.7,0.317,0.706,4.3,9,0,0,0,135,68.3,155,0.510,0.428,13.66,,,,,,,,,,,Central Connecticut,234,19-10
LMU,#N/A,72.1,#N/A,10.1,0.361,0.734,3.7,8.9,0,0,0,112,66.3,187,0.371,0.517,#N/A,,,,,,,,,,,Bowling Green,235,18-12
Louisville,11.94,72.1,78.8,12.2,0.3,0.741,5.3,8.9,0,0,0,58,70.4,215,0.657,0.594,11.94,,,,,,,,,,,Radford,236,15-16
Missouri,18.27,72,75.2,10.8,0.324,0.79,7.6,7.6,0,0,1,34,68.2,158,0.503,0.436,18.27,,,,,,,,,,,Rice,237,18-Nov
Portland State,17.14,72,71.8,10.8,0.33,0.695,6.9,9.4,0,0,0,302,68.9,246,0.552,0.681,17.14,,,,,,,,,,,Montana State,238,14-17
Oklahoma State,16.38,72,71.8,12.4,0.344,0.691,6.3,8,0,0,0,29,68.1,121,0.497,0.333,16.38,,,,,,,,,,,North Dakota,239,18-13
Central Ark.,14.38,71.9,78.1,12.3,0.34,0.741,7.2,9.8,0,0,0,327,70.4,342,0.657,0.947,14.38,,,,,,,,,,,Southern Utah,240,17-12
UMKC,#N/A,71.9,#N/A,11.2,0.34,0.701,6.1,10.1,0,0,0,#N/A,67.2,,0.434,-0.003,#N/A,,,,,,,,,,,San Jose State,241,21-Sep
Villanova,23.89,71.9,65.6,8.9,0.335,0.816,5.9,7.6,0,0,1,23,64.3,25,0.231,0.067,23.89,,,,,,,,,,,New Hampshire,242,15-14
Canisius,13.76,71.8,73.3,12.8,0.351,0.638,6,10.5,0,0,0,257,68.3,264,0.510,0.731,13.76,,,,,,,,,,,South Alabama,243,16-15
Portland,10.28,71.8,80.7,12.2,0.339,0.714,4.3,6.8,0,0,0,111,68.8,304,0.545,0.842,10.28,,,,,,,,,,,Northeastern,244,19-Dec
Fordham,15.60,71.8,73.2,12.6,0.322,0.663,8.3,11.2,0,0,0,144,69.5,180,0.594,0.497,15.60,,,,,,,,,,,Pepperdine,245,19-Dec
South Carolina,20.15,71.8,65.2,9.6,0.341,0.715,4.7,9.5,0,0,0,81,64.8,47,0.266,0.128,20.15,,,,,,,,,,,Portland State,246,17-14
Binghamton,13.19,71.7,72,11.5,0.289,0.674,4.9,9.7,0,0,0,240,68.3,270,0.510,0.747,13.19,,,,,,,,,,,UC Riverside,247,13-17
Duquesne,19.10,71.7,67.7,11.5,0.335,0.707,7.5,9.6,0,0,0,95,67.3,92,0.441,0.253,19.10,,,,,,,,,,,FGCU,248,14-18
Texas A&M-CC,#N/A,71.7,#N/A,11.1,0.323,0.707,8,7.5,0,0,0,207,68.4,174,0.517,0.481,#N/A,,,,,,,,,,,North Florida,249,16-16
Sam Houston,#N/A,71.6,#N/A,12.9,0.35,0.725,6.9,10.2,0,0,0,193,68.9,161,0.552,0.444,#N/A,,,,,,,,,,,Western Ill.,250,20-11
Colgate,21.17,71.5,63.5,10.2,0.371,0.685,6.4,7.4,1,0,0,244,66.1,131,0.357,0.361,21.17,,,,,,,,,,,Marshall,251,19-Dec
USC-Upstate,14.81,71.4,74.8,11.1,0.336,0.648,7.3,7.3,0,0,0,241,,,-4.266,-0.003,14.81,,,,,,,,,,,CSUB,252,13-17
Campbell,15.98,71.4,71.8,11.4,0.338,0.722,6.4,6.6,0,0,0,303,66.3,296,0.371,0.819,15.98,,,,,,,,,,,North Alabama,253,15-16
Jacksonville,15.13,71.2,72.1,13.1,0.317,0.694,7.9,10.9,0,0,0,239,67.4,273,0.448,0.756,15.13,,,,,,,,,,,Idaho State,254,19-Dec
Houston Christian,#N/A,71.2,#N/A,15.5,0.306,0.642,5.7,10.2,0,0,0,156,73.3,358,0.860,0.992,#N/A,,,,,,,,,,,San Diego,255,17-14
Western Mich.,12.36,71.2,74.3,12.8,0.344,0.62,5.6,10.8,0,0,0,280,68.2,295,0.503,0.817,12.36,,,,,,,,,,,UAlbany,256,13-18
FGCU,#N/A,71,#N/A,10.4,0.354,0.697,5.9,9,0,0,0,248,65.3,248,0.301,0.686,#N/A,,,,,,,,,,,Niagara,257,14-14
Temple,17.81,71,72.8,9.9,0.303,0.729,7.6,10.1,0,0,0,133,67.8,214,0.476,0.592,17.81,,,,,,,,,,,North Dakota St.,258,15-16
Illinois Chicago,#N/A,71,#N/A,12.1,0.374,0.692,5.9,7.2,0,0,0,#N/A,,,-4.266,-0.003,#N/A,,,,,,,,,,,UTSA,259,19-Nov
Delaware St.,14.49,71,71.4,14,0.32,0.7,8.1,9.7,0,0,0,319,70.6,308,0.671,0.853,14.49,,,,,,,,,,,Ball St.,260,15-15
Harvard,15.91,71,71.2,11.2,0.333,0.707,5.9,8,0,0,0,147,67.7,202,0.469,0.558,15.91,,,,,,,,,,,Central Mich.,261,17-13
South Carolina St.,12.74,70.9,75.8,14.3,0.32,0.688,7.9,12.9,0,0,0,228,69.7,289,0.608,0.800,12.74,,,,,,,,,,,The Citadel,262,20-Nov
Mercer,16.47,70.8,71.7,11,0.338,0.669,6.9,9.7,0,0,0,204,67.6,222,0.462,0.614,16.47,,,,,,,,,,,Kennesaw St.,263,15-16
Georgetown,14.70,70.8,77.2,11.5,0.339,0.724,5.6,10.7,0,0,0,36,67.4,203,0.448,0.561,14.70,,,,,,,,,,,Canisius,264,16-Dec
Davidson,19.84,70.8,67,9.6,0.32,0.735,6.5,8.3,0,0,0,93,65.6,108,0.322,0.297,19.84,,,,,,,,,,,N.C. Central,265,16-12
Jackson State,13.92,70.8,75.6,13,0.33,0.703,7.6,10.6,0,0,0,210,70.5,286,0.664,0.792,13.92,,,,,,,,,,,Nicholls,266,17-13
Georgia Tech,13.40,70.7,75.2,11.6,0.327,0.7,4.5,10.2,0,0,0,47,68.5,124,0.524,0.342,13.40,,,,,,,,,,,Queens,267,14-19
UC Davis,16.71,70.7,67.8,13.6,0.331,0.73,8,8.7,0,0,0,297,67.7,178,0.469,0.492,16.71,,,,,,,,,,,Southern Utah,268,20-Sep
Murray State,18.28,70.7,69.6,9.2,0.326,0.695,6.1,8,0,0,0,114,65.5,159,0.315,0.439,18.28,,,,,,,,,,,Denver,269,15-16
San Jose State,15.12,70.6,74.9,10.1,0.351,0.69,5.3,6.9,0,0,0,90,66,241,0.350,0.667,15.12,,,,,,,,,,,Binghamton,270,15-14
Southern Miss. St.,16.02,70.5,70.7,12.2,0.333,0.705,7.2,9.1,0,0,0,258,,,-4.266,-0.003,16.02,,,,,,,,,,,Air Force,271,20-Sep
Alcorn St.,#N/A,70.5,#N/A,10.8,0.337,0.7,7.3,9.4,0,0,0,136,68.1,,0.497,-0.003,#N/A,,,,,,,,,,,Omaha,272,14-17
Northwestern St.,12.38,70.5,76,12.7,0.322,0.665,6.9,9.7,0,0,0,216,69,329,0.559,0.911,12.38,,,,,,,,,,,Jacksonville,273,16-16
Jacksonville State,17.49,70.4,65.6,12.7,0.327,0.713,7,10.1,0,0,0,274,66.1,198,0.357,0.547,17.49,,,,,,,,,,,Lehigh,274,17-Dec
ETSU,#N/A,70.3,#N/A,11.4,0.298,0.694,7.4,12.3,0,0,0,177,,199,-4.266,0.550,#N/A,,,,,,,,,,,American,275,16-15
Old Dominion,15.04,70.2,76,10.4,0.32,0.662,7.9,8.5,0,0,0,191,71,298,0.699,0.825,15.04,,,,,,,,,,,Howard,276,15-15
The Citadel,15.46,70.1,70.4,11.3,0.329,0.712,5.7,7.9,0,0,0,215,66.2,262,0.364,0.725,15.46,,,,,,,,,,,Oral Roberts,277,18-Nov
Arizona State,16.33,70.1,73.7,10.1,0.309,0.66,8.2,7,0,0,0,54,70.9,125,0.692,0.344,16.33,,,,,,,,,,,Southeastern La.,278,15-15
Utah Tech,#N/A,70,#N/A,15.3,0.342,0.644,6.5,8.3,0,0,0,168,71.4,281,0.727,0.778,#N/A,,,,,,,,,,,Presbyterian,279,14-17
Northeastern,14.89,70,72.2,12.2,0.324,0.754,6.3,8.6,0,0,0,226,65.8,244,0.336,0.675,14.89,,,,,,,,,,,SIUE,280,16-15
Prairie View A&M,#N/A,69.9,#N/A,12,0.303,0.725,9.3,8.4,0,0,0,#N/A,71.7,,0.748,-0.003,#N/A,,,,,,,,,,,Utah Tech,281,19-Oct
Brown,14.43,69.9,71.8,11.6,0.329,0.646,6.2,10.3,0,0,0,187,67.3,205,0.441,0.567,14.43,,,,,,,,,,,Texas Southern,282,13-15
Louisiana Monroe,#N/A,69.9,#N/A,12.2,0.298,0.665,7.2,11.1,0,0,0,#N/A,,,-4.266,-0.003,#N/A,,,,,,,,,,,Sacred Heart,283,16-15
Idaho State,16.63,69.9,69.5,11,0.332,0.683,6.8,8.5,0,0,0,310,64,254,0.210,0.703,16.63,,,,,,,,,,,Tennessee State,284,17-14
Southeastern Louisiana,#N/A,69.6,70.6,13.3,0.351,0.734,6.9,9.3,0,0,0,#N/A,66.3,,0.371,-0.003,#N/A,,,,,,,,,,,UMBC,285,20-Nov
Alabama St.,17.46,69.6,69.9,11,0.275,0.716,8.7,12,0,0,0,176,70.5,312,0.664,0.864,17.46,,,,,,,,,,,Jackson State,286,13-16
UC Riverside,16.78,69.6,71.4,9.3,0.311,0.719,5.4,10.6,0,0,0,163,67.3,247,0.441,0.683,16.78,,,,,,,,,,,Alcorn,287,17-Dec
William & Mary,14.37,69.5,72.6,10.3,0.314,0.714,4.8,9.1,0,0,0,330,67,326,0.420,0.903,14.37,,,,,,,,,,,New Mexico St.,288,18-Dec
Idaho,16.54,69.5,70.8,10.6,0.335,0.729,5.8,9.5,0,0,0,293,65.7,319,0.329,0.883,16.54,,,,,,,,,,,South Carolina St.,289,14-16
Merrimack,#N/A,69.4,#N/A,12.5,0.301,0.714,10.3,6.8,0,0,0,#N/A,,196,-4.266,0.542,#N/A,,,,,,,,,,,Georgia Southern,290,23-Aug
Eastern Illi.,19.78,69.4,67.9,9.8,0.315,0.733,8.1,9.3,0,0,0,206,67.6,,0.462,-0.003,19.78,,,,,,,,,,,Boston U.,291,15-16
West Virginia,14.81,69.4,75.1,12,0.342,0.717,4.5,8.1,0,0,0,14,68.5,143,0.524,0.394,14.81,,,,,,,,,,,Bucknell,292,13-18
Maryland,18.06,69.3,64.4,11.2,0.282,0.719,6.4,10.9,0,0,0,53,66.3,73,0.371,0.200,18.06,,,,,,,,,,,Grambling,293,16-13
Western Illinois,15.34,69.2,65.4,12.2,0.325,0.621,5.3,12.9,0,0,0,289,65.6,,0.322,-0.003,15.34,,,,,,,,,,,Middle Tenn.,294,13-17
Virginia Military,#N/A,69.2,#N/A,15.2,0.316,0.696,5.6,8.2,0,0,0,#N/A,,,-4.266,-0.003,#N/A,,,,,,,,,,,Western Mich.,295,19-Nov
American University,#N/A,69.2,#N/A,10.1,0.36,0.717,5.9,7.9,0,0,0,#N/A,,,-4.266,-0.003,#N/A,,,,,,,,,,,Campbell,296,14-17
East Carolina,18.73,69.1,68.3,10.2,0.312,0.698,8.1,10.3,0,0,0,170,65.4,186,0.308,0.514,18.73,,,,,,,,,,,FIU,297,19-Oct
Chicago St.,16.13,69.1,70.2,12.8,0.316,0.708,8.7,10.5,0,0,0,189,66.6,301,0.392,0.833,16.13,,,,,,,,,,,Old Dominion,298,25-Jul
Charlotte,19.47,69.1,65.3,9.1,0.323,0.748,5.5,7,0,0,0,116,63,110,0.140,0.303,19.47,,,,,,,,,,,Valparaiso,299,24-Jul
Utah Valley,14.72,69,68.4,12.1,0.288,0.683,7.1,8.8,0,0,0,157,69.1,169,0.566,0.467,14.72,,,,,,,,,,,USC Upstate,300,19-Oct
Southern Ind.,#N/A,68.9,#N/A,12.6,0.329,0.745,6.2,8.8,0,0,0,#N/A,69.8,330,0.615,0.914,#N/A,,,,,,,,,,,Chicago St.,301,18-Dec
Alabama A&M,7.95,68.9,78,15.8,0.286,0.713,7.6,9.5,0,0,0,305,72.2,333,0.783,0.922,7.95,,,,,,,,,,,NIU,302,20-Oct
Oregon State,14.16,68.9,72.4,12,0.325,0.735,6,7.2,0,0,0,73,66.2,160,0.364,0.442,14.16,,,,,,,,,,,ULM,303,19-Nov
Bellarmine,#N/A,68.8,#N/A,9.2,0.34,0.779,5.4,6.3,0,0,0,180,66.4,317,0.378,0.878,#N/A,,,,,,,,,,,Portland,304,20-Nov
CSUB,#N/A,68.8,#N/A,11.4,0.301,0.722,7.1,10.5,0,0,0,#N/A,,252,-4.266,0.697,#N/A,,,,,,,,,,,Robert Morris,305,22-Oct
Texas Southern,14.67,68.5,70.5,12.3,0.307,0.707,7.2,9.7,0,0,0,159,69.4,282,0.587,0.781,14.67,,,,,,,,,,,Le Moyne,306,14-16
Green Bay,15.64,68.5,67.4,11,0.339,0.725,4.4,7.4,0,0,0,256,64.4,216,0.238,0.597,15.64,,,,,,,,,,,Bethune-Cookman,307,15-15
Texas State,14.81,68.5,69.7,12.6,0.324,0.69,7,9.6,0,0,0,134,68.4,227,0.517,0.628,14.81,,,,,,,,,,,Delaware St.,308,13-16
NAU,10.28,68.3,76.5,12.4,0.312,0.696,5.8,6.7,0,0,0,219,69.5,314,0.594,0.869,10.28,,,,,,,,,,,Elon,309,13-18
Fresno State,13.15,68.2,72.9,11.9,0.336,0.669,6.2,6.9,0,0,0,84,65.7,211,0.329,0.583,13.15,,,,,,,,,,,Eastern Ill.,310,14-17
Tennessee Tech,12.48,68.2,73.6,11.4,0.333,0.715,5.2,5.2,0,0,0,313,67.2,335,0.434,0.928,12.48,,,,,,,,,,,Lafayette,311,20-Nov
Charleston Southern,12.02,68.1,74.2,11.8,0.334,0.746,3.8,8.7,0,0,0,148,67.5,,0.455,-0.003,12.02,,,,,,,,,,,Alabama St.,312,17-Dec
Florida A&M,9.29,68.1,78.5,14.3,0.352,0.704,5.7,8.7,0,0,0,123,69.7,341,0.608,0.944,9.29,,,,,,,,,,,Wagner,313,13-15
Cal Baptist,15.08,68.1,66.5,10.8,0.327,0.672,4,10.1,0,0,0,301,,,-4.266,-0.003,15.08,,,,,,,,,,,NAU,314,14-18
New Mexico State,13.34,67.7,72.2,12.1,0.327,0.688,6.5,8.1,0,0,0,139,67.9,,0.483,-0.003,13.34,,,,,,,,,,,Navy,315,13-17
North Texas,21.74,67.7,61.8,10.7,0.368,0.732,7.1,9.9,0,0,0,100,62.1,87,0.077,0.239,21.74,,,,,,,,,,,Charleston So.,316,19-Oct
N.J.I.T.,#N/A,67.7,#N/A,10.6,0.308,0.707,7.2,10,0,0,0,#N/A,,,-4.266,-0.003,#N/A,,,,,,,,,,,Bellarmine,317,23-Aug
Buffalo,6.97,67.7,79.6,13.8,0.27,0.714,5.9,9.1,0,0,0,221,70.1,344,0.636,0.953,6.97,,,,,,,,,,,Coastal Carolina,318,21-Sep
Valparaiso,13.77,67.6,75.3,10.8,0.329,0.721,6.1,8.8,0,0,0,122,68.5,299,0.524,0.828,13.77,,,,,,,,,,,Idaho,319,20-Nov
Towson,17.76,67.6,63.9,11.1,0.326,0.652,6.3,12.8,0,0,0,182,63.1,156,0.147,0.431,17.76,,,,,,,,,,,South Dakota,320,19-Dec
Southeast Missouri State,#N/A,67.6,73.7,11.7,0.306,0.692,5.7,8.4,0,0,0,#N/A,,,-4.266,-0.003,#N/A,,,,,,,,,,,FDU,321,15-16
Eastern Michigan,12.11,67.5,74.1,11.2,0.314,0.671,5.7,8.9,0,0,0,329,66.3,,0.371,-0.003,12.11,,,,,,,,,,,DePaul,322,27-Mar
Maine,17.07,67.4,66.9,11,0.298,0.724,8.3,6.4,0,0,0,264,67.6,219,0.462,0.606,17.07,,,,,,,,,,,Eastern Mich.,323,13-17
CSUF,15.14,66.9,68.2,12.3,0.33,0.714,6.9,7.8,0,0,0,149,,224,-4.266,0.619,15.14,,,,,,,,,,,Sacramento St.,324,23-Aug
Vanderbilt,13.91,66.8,74.7,9.9,0.285,0.702,6,8.8,0,0,0,30,67.3,221,0.441,0.611,13.91,,,,,,,,,,,Prairie View,325,20-Oct
Illinois State,14.73,66.8,67.7,10.9,0.291,0.712,5.6,9.1,0,0,0,143,65.4,176,0.308,0.486,14.73,,,,,,,,,,,William & Mary,326,22-Sep
Grambling State,#N/A,66.7,#N/A,12.7,0.324,0.702,7.6,9.1,0,0,0,#N/A,66.7,,0.399,-0.003,#N/A,,,,,,,,,,,UTRGV,327,23-Jun
Long Island,#N/A,66.6,#N/A,13.9,0.313,0.677,6.3,7.7,0,0,0,#N/A,71.4,,0.727,-0.003,#N/A,,,,,,,,,,,Arkansas Pine Bluff,328,13-16
Air Force,14.95,66.6,71.6,11.2,0.365,0.673,6.7,6.7,0,0,0,99,63.3,271,0.161,0.750,14.95,,,,,,,,,,,Northwestern St.,329,21-Sep
Navy,17.50,66.6,67.3,9.4,0.297,0.701,7,10.2,0,0,0,360,65.4,315,0.308,0.872,17.50,,,,,,,,,,,Southern Ind.,330,23-Aug
Central Michigan,12.88,66.5,70.4,11.8,0.306,0.668,6.3,8.8,0,0,0,169,66.1,,0.357,-0.003,12.88,,,,,,,,,,,NJIT,331,21-Jul
Manhattan,10.99,66.2,77,12.8,0.31,0.72,7.7,8.4,0,0,0,231,70,340,0.629,0.942,10.99,,,,,,,,,,,Tex. A&M-Commerce,332,19-Nov
Rutgers,18.07,66.1,65.9,11.1,0.291,0.668,7.4,11,0,0,1,18,68.4,90,0.517,0.247,18.07,,,,,,,,,,,Alabama A&M,333,20-Sep
North Carolina A&T,#N/A,66.1,78.4,8.8,0.293,0.714,5.8,7.7,0,0,0,#N/A,68.1,,0.497,-0.003,#N/A,,,,,,,,,,,Dartmouth,334,21-Jun
IUPUI,7.37,65.9,79.8,13.6,0.251,0.732,7.7,8.6,0,0,0,285,68.6,361,0.531,1.000,7.37,,,,,,,,,,,Tennessee Tech,335,21-Oct
UCLA,17.25,65.9,65.1,10.7,0.315,0.73,5.9,9.4,0,0,0,63,65.3,115,0.301,0.317,17.25,,,,,,,,,,,Hampton,336,23-Aug
Middle Tennessee,#N/A,65.7,#N/A,13.8,0.308,0.684,5.5,9.3,0,0,0,273,66.5,,0.385,-0.003,#N/A,,,,,,,,,,,N.C. A&T,337,24-Jul
Sacramento State,10.43,65.7,70.2,14,0.314,0.707,4.9,10.7,0,0,0,267,64.7,,0.259,-0.003,10.43,,,,,,,,,,,Army West Point,338,22-Oct
Lindenwood,#N/A,65.6,#N/A,11.4,0.283,0.73,6.2,7.6,0,0,0,316,68.7,355,0.538,0.983,#N/A,,,,,,,,,,,Morgan St.,339,19-Oct
St. Francis (PA),#N/A,65.5,#N/A,13.4,0.329,0.615,5.9,10.6,0,0,0,347,,,-4.266,-0.003,#N/A,,,,,,,,,,,Manhattan,340,21-Jun
Detroit-Mercy,#N/A,65.4,#N/A,12.4,0.272,0.729,6.9,8,0,0,0,#N/A,,,-4.266,-0.003,#N/A,,,,,,,,,,,Florida A&M,341,22-Jun
Holy Cross,10.46,65.4,74,11,0.346,0.65,4,7.3,0,0,0,355,65.6,350,0.322,0.969,10.46,,,,,,,,,,,Central Ark.,342,23-Sep
Pacific,9.00,65.3,79,11.2,0.32,0.647,6.2,5.6,0,0,0,137,69.1,353,0.566,0.978,9.00,,,,,,,,,,,New Orleans,343,21-Sep
Marist,18.59,65.2,61.7,11.2,0.36,0.688,7.4,6.2,0,0,0,359,65.3,189,0.301,0.522,18.59,,,,,,,,,,,Buffalo,344,26-Apr
Saint Peters,18.05,65.1,63.5,11.3,0.318,0.719,7.7,10.5,0,0,0,323,65.8,184,0.336,0.508,18.05,,,,,,,,,,,UIW,345,22-Aug
Maryland-Eastern Shore,#N/A,65,#N/A,13.1,0.297,0.72,6.9,9.6,0,0,0,#N/A,,,-4.266,-0.003,#N/A,,,,,,,,,,,Cal Poly,346,26-Apr
Boston College,16.09,65,65.6,11.1,0.322,0.708,6.8,8,0,0,0,358,68.6,100,0.531,0.275,16.09,,,,,,,,,,,Loyola Maryland,347,25-Jul
Bucknell,14.46,64.9,68.1,11.7,0.345,0.712,6.2,6.6,0,0,0,298,64.3,292,0.231,0.808,14.46,,,,,,,,,,,LIU,348,21-Jul
DePaul,13.16,64.7,81.6,12.9,0.328,0.73,5.3,5.6,0,0,0,6,68.8,322,0.545,0.892,13.16,,,,,,,,,,,Southeast Mo. St.,349,22-Sep
Wagner,19.53,64.4,63.3,8.9,0.336,0.716,6.3,10.1,0,0,0,354,63.1,313,0.147,0.867,19.53,,,,,,,,,,,Holy Cross,350,22-Oct
Loyola Maryland,9.62,64.3,72.3,13.2,0.333,0.647,5.8,8.4,0,0,0,#N/A,66.1,347,0.357,0.961,#N/A,,,,,,,,,,,Saint Francis (PA),351,21-Aug
Stonehill,,63.7,#N/A,13.4,0.307,0.689,6.6,6.9,0,0,0,243,69.3,357,0.580,0.989,#N/A,,,,,,,,,,,UMES,352,19-Aug
Virginia,22.62,63.4,58.7,7.8,0.365,0.647,7.3,7.5,0,0,0,74,61,49,0.000,0.133,22.62,,,,,,,,,,,Pacific,353,25-Jun
Notre Dame,14.92,63.3,65.6,11.5,0.31,0.735,5.9,8.7,0,0,0,72,64.5,130,0.245,0.358,14.92,,,,,,,,,,,Siena,354,25-Apr
Lafayette,13.76,63.3,67.3,11.1,0.318,0.687,6.4,6.9,0,0,0,335,65.1,311,0.287,0.861,13.76,,,,,,,,,,,Lindenwood,355,22-Sep
Cal Poly,9.18,62.5,73.4,12.8,0.323,0.695,5.8,7.3,0,0,0,331,66.7,346,0.399,0.958,9.18,,,,,,,,,,,VMI,356,27-Apr
Dartmouth,8.61,61.3,70.9,12.1,0.302,0.694,4.3,6.8,0,0,0,145,66,334,0.350,0.925,8.61,,,,,,,,,,,Stonehill,357,27-Apr
Siena,2.71,60.4,75.6,15.5,0.273,0.648,5.2,10.4,0,0,0,292,67.5,354,0.455,0.981,2.71,,,,,,,,,,,Houston Christian,358,22-Jun
Army,12.07,59.8,63.5,11.4,0.322,0.588,5.9,8.2,0,0,0,361,63.2,,0.154,-0.003,12.07,,,,,,,,,,,Detroit Mercy,359,31-Jan
Coppin State,6.22,58,72.6,14.9,0.274,0.726,7.6,8.2,0,0,0,299,67.3,,0.441,-0.003,6.22,,,,,,,,,,,Coppin St.,360,25-Feb
Mississippi Val. State,,54.1,#N/A,15.2,0.271,0.661,6.5,8.4,0,0,0,#N/A,,,-4.266,-0.003,#N/A,,,,,,,,,,,IUPUI,361,26-Jun
,,,,,,,,,,,,,,,,,,,,,,,,,,,,Mississippi Val.,362,28-Jan
Weights,,0.4,-0.4,-1,30,15,0.8,0.2,10,10,10,40,,,,,,,,,,,,,,,,,,